,ROLE,ACTOR NAME,DETAILS,LINKS,DESCRIPTION
0,Actor,Aamir Khan,"Top Rated Movies:1)3 Idiots (2009) 8.4/10
2)Dangal (2016) 8.4/10
3)Taare Zameen Par (2007) 8.4/10
4)Rang De Basanti (2006) 8.2/10
5)Andaz Apna Apna (1994) 8.2/10
6)Jo Jeeta Wohi Sikandar (1992) 8.2/10
7)PK (2014) 8.1/10
8)Lagaan: Once Upon a Time in India (2001) 8.1/10
9)Dil Chahta Hai (2001) 8.1/10
10)Sarfarosh (1999) 8.1/10Next Movies: 1)Lal Singh Chaddha (2020)
2)Mogul: The Gulshan Kumar Story ???
3)Vikram Veda Remake ???","https://m.media-amazon.com/images/M/MV5BMjAwMjk3NDUzN15BMl5BanBnXkFtZTcwNjI4MTY0NA@@._V1_UX140_CR0,0,140,209_AL_.jpg
",Aamir is no doubt one of the most dedicated actors in this world. With his recent success in India and China markets combined he has got the title of World's Biggest Superstar. He went through rapid transformations in his body structure for his films to bring out the reality factor in his ...
1,Actor,Akshay Kumar,"Top Rated Movies:1)Hera Pheri (2000) 8.2/10
2)OMG: Oh My God! (2012) 8.1/10
3)Airlift (2016) 8/10
4)Baby (2015) 8/10
5)Special Chabbis (2013) 8/10
6)Padman (2018) 8/10
7)Aankhen (2002) 7.4/10
8)Khakee (2004) 7.4/10
9)Kesari (2019) 7.4/10
10)Bhool Bhulaiyaa 2007 7.3/10Next Movies:1)Sooryavanshi (2020) 
2)Laxmmi Bomb (2020) 
3)Prithviraj (2020)
4)Bachchan Pandey (2021)
5)Atrangi Re (2021)
6)Bell Bottom (2021)","https://m.media-amazon.com/images/M/MV5BODI4NDY1NzkyM15BMl5BanBnXkFtZTgwNzM3MDM0OTE@._V1_UY209_CR13,0,140,209_AL_.jpg
","Akshay Kumar, born September 9, 1967, is an actor. He studied martial arts in Hong Kong. It was a student that suggested that he try modeling. Because of his success as model, he was offered films. Along with his good looks and excellent martial art skills, he was always the first choice to do ..."
2,Actor,Ajay Devgn,"Top Rated Movies:1)Drishyam (2015) 8.3/10
2)Omkara (2006) 8.1/10
3)The Legend of Bhagat Singh (2002) 8.1/10
4)Tanhaji: The Unsung Warrior (2020) 8.1/10
5)Company (2002) 8/10
6)Zakhm (1998) 7.9/10
7)Gangaajal (2003) 7.8/10
8)Hum Dil De Chuke Sanam (1999) 7.6/10
9)Raincoat (2004) 7.6/10
10)Once Upon a Time in Mumbaai (2010) 7.4/10Next Movies:1)Bhuj: The Pride Of India (2020)
2)Maidaan (2020)
3)RRR (2021)
4)Kaithi Remake (2021)
5)Chanakya (2021)","https://m.media-amazon.com/images/M/MV5BMTY0MDY2MDMwOV5BMl5BanBnXkFtZTgwNDE4MDM0OTE@._V1_UY209_CR6,0,140,209_AL_.jpg
","Ajay Devgn is an Indian film actor, director, and producer. He made his film debut with Phool Aur Kaante in 1991 and received a Filmfare Award for Best Male Debut for his performance in the film. He then starred in films such as Jigar (1992), Dilwale (1994), Suhaag (1994), Naajayaz (1995), Diljale ..."
3,Actor,Shah Rukh Khan,"Top Rated Movies:1)Swades: We, the People (2004) 8.2/10
2)Chak De! India (2007) 8.2/10
3)Dilwale Dulhania Le Jayenge (1995) 8.1/10
4)My Name Is Khan (2010) 8/10
5)Kal Ho Naa Ho (2003) 8/10
6)Hey Ram (2000) 7.9/10
7)Veer-Zaara (2004) 7.8/10
8)Darr (1993) 7.8/10
9)Kabhi Haan Kabhi Naa (1994) 7.8/10
10)Baazigar (1993) 7.7/10Next Movies:1)Don 3 ???","https://m.media-amazon.com/images/M/MV5BZDk1ZmU0NGYtMzQ2Yi00N2NjLTkyNWEtZWE2NTU4NTJiZGUzXkEyXkFqcGdeQXVyMTExNDQ2MTI@._V1_UY209_CR3,0,140,209_AL_.jpg
","Shahrukh Khan was born on 2 November 1965 in New Delhi, India. He married Gauri Khan on 25 October 1991. They have three children, son Aryan Khan (b. 1997), son AbRam (b.2013) and daughter Suhana (b. 2000). Khan started out his career by appearing in several television serials during 1988-1990. He ..."
4,Actor,Amitabh Bachchan,"Top Rated Movies:1)Anand (1971) 8.8/10
2)Chupke Chupke (1975) 8.4/10
3)Sholay (1975) 8.2/10
4)Black (2005) 8.2/10
5)Pink (2016) 8.2/10
6)Deewaar (1975) 8.1/10
7)Badla (2019) 7.9/10
8)Don (1978) 7.8/10
9)Trishul (1978) 7.8/10
10)Kaala Patthar (1979) 7.7/10
11)Agneepath (1990) 7.7/10Next Movies:1)Sye Raa (2019)
2)Jhund (2019) or (2020)
3)Chehre (2020)
4)Gulabo Sitabo (2020)
5)Brahmastra (2020)","https://m.media-amazon.com/images/M/MV5BNTk1OTUxMzIzMV5BMl5BanBnXkFtZTcwMzMxMjI0Nw@@._V1_UY209_CR6,0,140,209_AL_.jpg
","Son of well known poet Harivansh Rai Bachchan and Teji Bachchan. He has a brother named Ajitabh. He completed his education from Uttar Pradesh and moved to Bombay to find work as a film star, in vain though, as film-makers preferred someone with a fairer skin, and he was not quite fair enough. But ..."
5,Actor,Irrfan Khan,"Top Rated Movies:1)Talvar (2015) 8.2/10
2)Paan Singh Tomar (2012) 8.2/10
3)Maqbool (2003) 8.2/10
4)Slumdog Millionaire (2008) 8/10
5)Life of Pi (2012) 7.9/10
6)Dabba (2013) 7.8/10
7)Hindi Medium (2017) 7.8/10
8)Mumbai Meri Jaan (2008) 7.7/10
9)Haasil (2003) 7.6/10
10)Piku (2015) 7.6/10Next Movies:1)The Wicked Path (2019)
2)Angrezi Medium (2020)","https://m.media-amazon.com/images/M/MV5BNDg3NDgxNzY4NF5BMl5BanBnXkFtZTcwODMxODQzMg@@._V1_UY209_CR8,0,140,209_AL_.jpg
","Born Sahabzade Irfan Ali Khan, in Jaipur, Rajasthan (NW India) January 7, 1967 to a Pashto speaking Muslim family. Khan's mother, Begum Khan, was from the Tonk Hakim family and his father, Jagirdar Khan, from the Khajuriya village near the Tonk district, ran a tire business.The Khan family name ..."
6,Actor,Manoj Bajpayee,"Top Rated Movies:1)Gangs of Wasseypur (2012) 8.2/10
2)Satya (1998) 8.2/10
3)Vedam (2010) 8.1/10
4)Pinjar: Beyond Boundaries... (2003) 8/10
5)Special Chabbis (2013) 8/10
6)1971 (2007) 7.9/10
7)Veer-Zaara (2004) 7.8/10
8)Aligarh (2015) 7.8/10
9)Budhia Singh: Born to Run (2016) 7.8/10
10)Kaun? (1999) 7.8/10Next Movies:1)Kurup (2020)
2)Manekshaw (2021)
3)Satyameva Jayate 2 ???","https://m.media-amazon.com/images/M/MV5BMzUxODk5MmEtZGQxOC00NzUxLWI5YTEtYWFjMjZmZTIwNTA5XkEyXkFqcGdeQXVyMTExNDQ2MTI@._V1_UY209_CR8,0,140,209_AL_.jpg
","Manoj Bajpayee was born on April 23, 1969 in Belwa, Bihar, India. He is known for his work on Gangs of Wasseypur (2012), Satya (1998) and Aks (2001). He has been married to Neha since February 23, 2005."
7,Actor,Nawazuddin Siddiqui,"Top Rated Movies:1)Black Friday (2004) 8.6/10
2)Gangs of Wasseypur (2012) 8.2/10
3)Kahaani (2012) 8.2/10
4)Paan Singh Tomar (2012) 8.2/10
5)Bajrangi Bhaijaan (2015) 8.1/10
6)Dev.D (2009) 8.1/10
7)Manjhi: The Mountain Man (2015) 8/10
8)Dabba (2013) 7.6/10
9)Badlapur (2015) 7.5/10
10)Peepli (Live) (2010) 7.5/10Next Movies:1)Motichoor Chaknachoor (2019)
2)Housefull 4 (2019)
2)Bole chudiyan (2020)
3)Krrish 4 ???","https://m.media-amazon.com/images/M/MV5BMTU5NTQwMTI0NV5BMl5BanBnXkFtZTcwNzQyNTgxOA@@._V1_UX140_CR0,0,140,209_AL_.jpg
","Nawazuddin Siddiqui (born 1974) also known as Nowaz is an Indian film actor who has appeared in some of Bollywood's major films including, Black Friday (2004), New York (2009), Peepli Live (2010), Kahani (2012), Gangs of Wasseypur (2012) and Gangs of Wasseypur - Part 2 (2012).Early life and ..."
8,Actor,Vicky Kaushal,"Top Rated Movies:1)Uri: The Surgical Strike (2019) 8.3/10
2)Masaan (2015) 8.1/10
3)Sanju (2018) 7.8/10
4)Raazi (2018) 7.8/10
5)Raman Raghav 2.0 (2016) 7.3/10
6)Love Per Square Foot (2018) 7.2/10Next Movies:2)Udham Singh (2021)
3)Takht (2021)
4)Manekshaw (2021)","https://m.media-amazon.com/images/M/MV5BMjIxMjMzNjQ0OF5BMl5BanBnXkFtZTgwODc4ODEzOTE@._V1_UY209_CR87,0,140,209_AL_.jpg
","Vicky Kaushal is an actor and assistant director, known for Uri: The Surgical Strike (2019), Sanju (2018) and Masaan (2015)."
9,Actor,Rajkummar Rao,"Top Rated Movies:1)Shahid (2013) 8.3/10
2)Queen (2014) 8.2/10
3)Aligarh (2016) 7.8/10
4)Newton (2017) 7.7/10
5)Stree 7.7/10 (2018)
6)Kai po che! (2013) 7.6/10
7)Trapped (2017) 7.6/10
8)Shaadi Mein Zaroor Aana (2017) 7.6/10
9)Bareilly Ki Barfi (2017) 7.5/10
10)City Lights (2014) 7.3/10Next Movies:1)Ludo (2020)
2)Rooh-Afza (2020)
3)Turram Khan (2020)
4)Badhaai Do (2021)
5)Untitled Abhishek Jain Film (2021)","https://m.media-amazon.com/images/M/MV5BMzAxNWIzOWItMDM1NC00NGMyLWIwMDEtNWZjODEyOTFiZjQ4XkEyXkFqcGdeQXVyNjY1MTg4Mzc@._V1_UX140_CR0,0,140,209_AL_.jpg
",Raj Kumar is also known as Rajkummar Rao. He was born in Gurgaon. He finished his schooling in Gurgaon and graduated in Arts from Delhi University. He was simultaneously doing theatre with Kshitij Repertory and SRC in Delhi. He is an Acting graduate from Pune's Film and Television Institute of ...
10,Actor,Ayushmann Khurrana,"Top Rated Movies:1)Andhadhun (2018) 8.3/10
2)Article 15 (2019) 8.2/10
3)Badhaai Ho (2018) 8/10
4)Vicky Donor (2012) 7.8/10
5)Dum Laga Ke Haisha (2015) 7.5/10
6)Bareilly Ki Barfi (2017) 7.5/10
7)Bala (2019) 7.4/10
8)Dream Girl (2019) 7.1/10
Next Movies:1)Gulabo Sitabo  (2020)","https://m.media-amazon.com/images/M/MV5BOTk4MDY4ODAwNl5BMl5BanBnXkFtZTcwNzQ0MjY2Nw@@._V1_UY209_CR87,0,140,209_AL_.jpg
","Ayushmann Khurrana was born on 14 September 1984 in Chandigarh, India. Ayushmann started off his career as a popular radio jockey, and eventually became a VJ on MTV India and one of the most popular hosts in India. He shot to stardom with the runaway hit, 'Vicky Donor' in 2012. His effortless act ..."
11,Actor,Naseeruddin Shah,"Top Rated Movies:1)Jaane Bhi Do Yaaro (1983) 8.5/10
2)Masoom (1983) 8.5/10
3)Ijaazat (1987) 8.3/10
4)A Wednesday (2008) 8.2/10
5)Sarfarosh (1999) 8.2/10
6)Iqbal (2005) 8.2/10
7)Maqbool (2003) 8.2/10
8)Omkara (2006) 8.1/10
9)Kabhi Haan Kabhi Naa (1994) 8/10
10)Hey Ram (2000) 8/10Next Movies:1)Pind Daan ???
2)Jamoon ???","https://m.media-amazon.com/images/M/MV5BMTQ4MDcyOTExOV5BMl5BanBnXkFtZTgwOTQyMDU0OTE@._V1_UY209_CR12,0,140,209_AL_.jpg
","Naseeruddin Shah was born on July 20, 1950 in Barabanki, Uttar Pradesh, India. He is an actor, known for The League of Extraordinary Gentlemen (2003), A Wednesday (2008) and Jaane Bhi Do Yaaro (1983). He has been married to Ratna Pathak Shah since April 1, 1982. They have three children."
12,Actor,Paresh Rawal,"Top Rated Movies:1)Hera Pheri (2000) 8.2/10
2)Andaz Apna Apna (1994) 8.2/10
3)OMG: Oh My God! (2012) 8.2/10
4)Satya (1998) 8.2/10 
5)Vaastav: The Reality (1999) 8/10
6)Oye Lucky! Lucky Oye! (2008) 7.8/10
7)Nayak: The Real Hero (2001) 7.8/10
8)Mumbai Meri Jaan (2008) 7.8/10
9)Aankhen (2002) 7.6/10
10)Hungama (2003) 7.5/10Next Movies:1)Marakkar: Arabikadalinte Simham ???
2)Hera Pheri 3 ???","https://m.media-amazon.com/images/M/MV5BMjI4Mjg2MjgxMV5BMl5BanBnXkFtZTgwNDYyMTIzOTE@._V1_UY209_CR88,0,140,209_AL_.jpg
","Paresh Rawal was born on May 30, 1950 in Bombay, State of Bombay, India. He is a producer and actor, known for Hera Pheri (2000), OMG: Oh My God! (2012) and Hungama (2003). He is married to Swaroop Sampat. They have two children."
13,Actor,Om Puri,"Top Rated Movies:1)Jaane Bhi Do Yaaro (1983) 8.5/10
2)Rang De Basanti (2006) 8.3/10
3)Hera Pheri (2000) 8.2/10
4)OMG: Oh My God! (2012) 8.2/10
5)Maqbool (2003) 8.2/10
6)Ardh Satya (1983) 8.2/10
7)Bajrangi Bhaijaan (2015) 8.1/10
8)Hey Ram (2000) 8/10
9)Lakshya (2004) 7.9/10
10)Maachis (1996) 7.9/10","https://m.media-amazon.com/images/M/MV5BMTc4MjA5ODY4NF5BMl5BanBnXkFtZTcwNjUyMDUxMQ@@._V1_UY209_CR6,0,140,209_AL_.jpg
","Om Puri was an Indian actor who has appeared in both mainstream Indian films and art films. His credits also include appearances in British and American films. He has received an honorary OBE.Puri was born in Ambala, Haryana. His father worked on the railways and served in the Indian Army. Puri ..."
14,Actor,Anupam Kher,"Top Rated Movies:1)Rang De Basanti (2006) 8.3/10
2)Khosla Ka Ghosla! (2006) 8.3/10
3)A Wednesday (2008) 8.2/10
4)Dilwale Dulhania Le Jayenge (1995) 8.2/10
5)Saaransh (1984) 8.2/10
6)Baby (2015) 8.1/10
7)Special Chabbis (2013) 8/10
8)Veer-Zaara (2004) 7.9/10
9)Darr (1993) 7.9/10
10)Parinda (1989) 7.9/10Next Movies:1)One Day: Justice Delivered (2018)
2)Sooryavanshi (2020)","https://m.media-amazon.com/images/M/MV5BMjMyMjc1OTgzNF5BMl5BanBnXkFtZTgwMDY1NDMzOTE@._V1_UY209_CR3,0,140,209_AL_.jpg
","Anupam Kher was born on March 7, 1955 in Shimla, Himachal Pradesh, India. He is an actor and producer, known for Silver Linings Playbook (2012), A Wednesday (2008) and M.S. Dhoni: The Untold Stor (2016)."
15,Actor,Nana Patekar,"Top Rated Movies:1)Natsamrat (2016) 9.3/10
2)Deool (2011) 8.2/10
3)Salaam Bombay! (1988) 8/10
4)Prahaar: The Final Attack (1991) 8/10
5)Ab Tak Chhappan (2004) 7.9/10
6)Parinda (1989) 7.9/10
7)Khamoshi: The Musical (1996) 7.6/10
8)Apaharan (2005) 7.4/10
9)Krantiveer (1994) 7.4/10
10)Taxi No. 9 2 11: Nau Do Gyarah (2006) 7.2/10Next Movies:1)Tadka ???","https://m.media-amazon.com/images/M/MV5BMjI4MzQyODYwOF5BMl5BanBnXkFtZTgwMTcxMTIzOTE@._V1_UY209_CR87,0,140,209_AL_.jpg
","Vishwanath Patekar (born on January 1, 1951 in Murud-Janjira, Maharashtra, India) is an actor, writer and filmmaker. He is known for his work on Ab Tak Chhappan (2004), Raajneeti (2010) and Parinda (1989). He made his acting debut in the early 70's and since then has been nominated for multiple ..."
16,Actor,Hrithik Roshan,"Top Rated Movies:1)Zindagi Na Milegi Dobara (2011) 8.1/10
2)Super 30 (2019) 8.1/10
3)Lakshya (2004) 7.9/10
4)Jodhaa Akbar (2008) 7.6/10
5)Kabhi Khushi Kabhie Gham... (2001) 7.4/10
6)Guzaarish (2010) 7.4/10
7)Kaabil (2017) 7.1/10
8)Koi... Mil Gaya (2003) 7.1/10Next Movies:1)Krrish 4 ???","https://m.media-amazon.com/images/M/MV5BZjYwYjE4YjQtMTFmMi00NTlhLThjZjUtZTIyMTczMGU2ZDE5XkEyXkFqcGdeQXVyNzM2NzM0NDU@._V1_UX140_CR0,0,140,209_AL_.jpg
","Hrithik Roshan is an Indian actor, born on 10th January 1974, well known globally for his versatile roles, unmatchable dancing skills and attractive looks.After having appeared in films as a child actor in the 1980s, Roshan made his film debut in a leading role in Kaho Naa... Pyaar Hai (2000) for ..."
17,Actor,Ranbir Kapoor,"Top Rated Movies:1)Barfi! (2012) 8.1/10
2)Sanju (2018) 7.8/10
3)Rockstar (2011) 7.7/10
4)Wake Up Sid (2009) 7.6/10
5)Rocket Singh: Salesman of the Year (2009) 7.5/10
6)Tamasha (2015) 7.2/10
7)Yeh Jawaani Hai Deewani (2013) 7.1/10
8)Raajneeti (2010) 7.1/10Next Movies:1)Brahmastra (2020) 
2)Shamshera (2020)
3)Luv Ranjan’s next (2021)","https://m.media-amazon.com/images/M/MV5BMTk2ODU5Mjk2MV5BMl5BanBnXkFtZTcwODEzNDg3OA@@._V1_UX140_CR0,0,140,209_AL_.jpg
","Son of Rishi Kapoor and Neetu Singh; nephew of actors Randhir Kapoor, Rajiv Kapoor, Kunal Kapoor. Grandnephew of actors Shashi Kapoor, Jennifer Kendal, Shammi Kapoor, Geeta Bali; cousin of actresses Kareena Kapoor, Karisma Kapoor.Belongs to the fourth generation of highly prestigious and considered ..."
18,Actor,Shahid Kapoor,"Top Rated Movies:1)Haider (2014) 8.1/10
2)Jab We Met (2007) 7.9/10
3)Udta Punjab (2016) 7.8/10
4)Kaminey (2009) 7.4/10
5)Kabir Singh (2019) 7.1/10
6)Padmaavat (2018) 7/10
Next Movies:1)Jersey Remake (2020)","https://m.media-amazon.com/images/M/MV5BMjc5NTM5NjUyMV5BMl5BanBnXkFtZTgwMDEwMzU1OTE@._V1_UX140_CR0,0,140,209_AL_.jpg
","Shahid's rise to stardom reads like a bollywood script: from a struggler to a winner. With his hard work, perseverance and sincerity, he has written his own destiny.Shahid is a mine of unabashed talent and spark, beneath his calm and innocent veneer. Shahid Kapoor is young and vibrant, with a ..."
19,Actor,Ranveer Singh,"Top Rated Movies:1)Gully Boy (2019) 8.2/10
2)Lootera (2013) 7.3/10
3)Bajirao Mastani (2015) 7.2/10
4)Band Baaja Baaraat (2010) 7.2/10
5)Padmaavat (2018) 7/10Next Movies:1)'83 (2020)
2)ayeshbhai Jordaar (2020)
3)Tkhat (2021)","https://m.media-amazon.com/images/M/MV5BMTExOTcwMDU4NTReQTJeQWpwZ15BbWU3MDA0MjE1MTc@._V1_UY209_CR1,0,140,209_AL_.jpg
","Ranveer Singh is an Indian actor working in Bollywood. Born in Mumbai, India, Ranveer Singh had always wanted to be an actor since his childhood. However, during his college days he felt that the idea of acting was far-fetched and focused on creative writing. While pursuing his Bachelor of Arts ..."
20,Actor,Sushant Singh Rajput,"Top Rated Movies:1)Chhichhore (2019) 8.1/10 
2)PK (2014) 8.1/10
3)M.S. Dhoni: The Untold Story (2016) 7.7/10
4)Kai po che! (2013) 7.6/10
5)Detective Byomkesh Bakshy! (2015) 7.6/10
6)Sonchiriya (2019) 7.5/10Next Movies: 1)Dil Bechara (2020)","https://m.media-amazon.com/images/M/MV5BZjA4ZjNmYzUtZDAwNS00MTk4LWIzYjEtYWFlZDJhYTk1MzcyXkEyXkFqcGdeQXVyMTExNDQ2MTI@._V1_UY209_CR8,0,140,209_AL_.jpg
","Sushant Singh Rajput is an Indian television and film actor. He is best known for playing the role of Manav in the ongoing TV series, Pavitra Rishta on Zee Tv. Having made his Bollywood debut with a blockbuster of a movie, Kai Po Che directed by Abhishek Kapoor which was adapted by Chetan Bhagat's ..."
21,Actor,Boman Irani,"Top Rated Movies:1)3 Idiots (2009) 8.4/10
2)Parmanu: The Story of Pokhran (2018) 8.3/10
3)Khosla Ka Ghosla! (2006) 8.3/10
4)PK (2014) 8.2/10
5)Munna Bhai M.B.B.S. (2003) 8.2/10
6)Lage Raho Munna Bhai (2006) 8.1/10
7)Jolly LLB (2013) 7.4/10
8)Page 3 (2005) 7.3/10
9)Being Cyrus (2005) 7.3/10
10)99 (2009) 7.3/10Next Movies:1)Sanju (2018)
2)Drive (2018)
3)Total Dhamaal (2018)
4)Housefull 4 (2019)","https://m.media-amazon.com/images/M/MV5BNTc4ZjFlMjUtODU3MS00M2JhLTlkMzEtMmIyODFiMjAwZmJhXkEyXkFqcGdeQXVyNTE0MDc0NTM@._V1_UY209_CR62,0,140,209_AL_.jpg
","Boman Irani was born on December 2, 1959 in Bombay, State of Bombay, India. He is an actor, known for 3 Idiots (2009), Munna Bhai M.B.B.S. (2003) and Don 2 (2011). He has been married to Zenobia since January 28, 1985. They have two children."
22,Actor,Saurabh Shukla,"Top Rated Movies:1)PK (2014) 8.2/10
2)Satya (1998) 8.2/10
3)Anniyan (2005) 8.2/10
4)Barfi! (2012) 8.1/10
5)Lage Raho Munna Bhai (2006) 8.1/10
6)Slumdog Millionaire (2008) 8/10
7)Hey Ram (2000) 8/10
8)Ankhon Dekhi (2013) 8/10
9)Hazaaron Khwaishein Aisi (2003) 8/10
10)Zakhm (1998) 8/10Next Movies:1)Alert 24X7 (2019)","https://m.media-amazon.com/images/M/MV5BMTYzMTczOTM2Ml5BMl5BanBnXkFtZTYwNzE4Mzgy._V1_UY209_CR19,0,140,209_AL_.jpg
","Shukla's family left Gorakhpur for Delhi when he was two years old. After completing his schooling, he graduated from Khalsa College, Delhi. His professional career began in 1984 with his entry into theater.Shukla began serious theater in 1986 with roles in plays like A View From The Bridge (Arthur..."
23,Actor,Sanjay Mishra,"Top Rated Movies:1)Kadvi Hawa (2017) 8.8/10
2)Masaan (2015) 8.1/10
3)Ankhon Dekhi (2013) 8/10
4)Newton (2017) 7.8/10
5)Dum Laga Ke Haisha (2015) 7.5/10
6)Phas Gaye Re Obama (2010) 7.5/10
7)Golmaal: Fun Unlimited (2006) 7.4/10
8)Jolly LLB (2013) 7.4/10
9)Jolly LLB 2 (2017) 7.3/10
10)Dhamaal (2007) 7.2/10Next Movies:1)FryDay (2018)
2)Total Dhamaal (2018)
3)Mangal Ho (2018)","https://m.media-amazon.com/images/M/MV5BMTM0OTU2NDYyNl5BMl5BanBnXkFtZTYwNTYyNDgy._V1_UX140_CR0,0,140,209_AL_.jpg
","Sanjay Mishra is known for his work on Masaan (2015), Dilwale (2015) and Ankhon Dekhi (2013)."
24,Actor,Vijay Raaz,"Top Rated Movies:1)Gully Boy (2019) 8.2/10
2)Company (2002) 8/10
3)Stree (2018) 7.7/10
4)Delhi Belly (2011) 7.5/10
5)Yuva (2004) 7.4/10
6)Soorma (2018) 7.4/10
7)Kya Dilli Kya Lahore (2014) 7.4/10
8)Monsoon Wedding (2001) 7.3/10
9)Lupt (2018) 7.3/10
10)Sanam Teri Kasam (2016) 7.3/10Next Movies:1)Officer Arjun Singh IPS (2019)
2)Turtle (2020)
3)Waah Zindagi ???
4)Jaane Bhi Do Yaaro ???
5)Jawaani Lay Doobi ???","https://m.media-amazon.com/images/M/MV5BOTc2ODgwODcxOF5BMl5BanBnXkFtZTgwNzM1MzYwMTE@._V1_UX140_CR0,0,140,209_AL_.jpg
",Vijay Raaz was born and raised in Delhi where he attended Kirori Mal College. While at college he was a part of the dramatic society The Players. He also appeared in plays at the National School of Drama. He decided to focus on a film career and moved to Mumbai where he received a role in Ram Gopal...
25,Actor,Annu Kapoor,"Top Rated Movies:1)Kala Pani (1996) 8.4/10
2)Darr (1993) 7.9/10
3)Vicky Donor (2012) 7.8/10
4)Mr. India (1987) 7.8/10
5)Ghayal (1990) 7.7/10
6)Raincoat (2004) 7.6/10
7)Chameli Ki Shaadi (1986) 7.6/10
8)Jolly LLB 2 (2017) 7.3/10
9)Tezaab (1988) 7/10Next Movies:1)Mangal Ho (2018)
2)Muavza ???","https://m.media-amazon.com/images/M/MV5BMjE4MjAxODk1NV5BMl5BanBnXkFtZTcwODQ0MjY2Nw@@._V1_UY209_CR87,0,140,209_AL_.jpg
","Annu Kapoor made his debut in the film Mandi directed by Shyam Benegal in 1983.His career has spanned nearly 30 years including a distinctive presence in Bollywood cinema, television serials, and reality game shows. He is best remembered for hosting the singing show Antakshari, produced by ZEE TV. ..."
26,Actor,Pankaj Tripathi,"Top Rated Movies:1)Nil Battey Sannata (2015) 8.4/10
2)Gangs of Wasseypur (2012) 8.2/10
3)Super 30 (2019) 8.2/10
4)Omkara (2006) 8.1/10
5)Masaan (2015) 8.1/10 
6)The Tashkent Files (2019) 8.1/10
7)Manjhi: The Mountain Man (2015) 8/10
8)Religion (2007) 7.9/10
9)Newton (2017) 7.7/10
10)Stree (2018) 7.7/10Next Movies:1)Dhaka (2019)
2)Angrezi Medium (2020)
3)Kargil Girl (2020)
4)Mimi (2020)
5)'83 (2020)
5)RoohiAfza (2020)
7)Drive ???","https://m.media-amazon.com/images/M/MV5BNjdlYjllOGMtYzU1OC00ODZjLWEzOGEtMGViOTYyYjU3YmJiXkEyXkFqcGdeQXVyMTExNDQ2MTI@._V1_UY209_CR3,0,140,209_AL_.jpg
","Pankaj Tripathi is an actor, known for Gangs of Wasseypur (2012), Stree (2018) and Newton (2017)."
27,Actor,Kay Kay Menon,"Top Rated Movies:1)Black Friday (2004) 8.6/10
2)Shahid (2013) 8.3/10
3)Haider (2014) 8.2/10
4)Baby (2015) 8.1/10
5)Gulaal (2009) 8.1/10
6)Hazaaron Khwaishein Aisi (2003) 8/10
7)Mumbai Meri Jaan (2008) 7.8/10
8)Sarkar (2005) 7.7/10
9)The Ghazi Attack (2017) 7.7/10
10)Rahasya (2015) 7.7/10
11)Paanch (2003) 7.7/10Next Movies:1)Firrkie (2018)
2)San' 75 (Pachattar) (2018)","https://m.media-amazon.com/images/M/MV5BMTY4MjgwODk4MF5BMl5BanBnXkFtZTgwNzAxNzE0MjE@._V1_UY209_CR87,0,140,209_AL_.jpg
","Kay Kay Menon was born on October 2, 1966 in Kerala, India as Krishna Kumar Menon. He is an actor, known for Haider (2014), Black Friday (2004) and Gulaal (2009). He is married to Nivedita Bhattacharya."
28,Actor,Ronit Roy,"Top Rated Movies:1)Udaan (2010) 8.2/10
2)Ugly (2014) 8.1/10
3)Jai Lava Kusa (2017) 7.3/10
4)Kaabil (2017) 7.1/10Next Movies:1)The Field (2018)","https://m.media-amazon.com/images/M/MV5BMjQzMjEyMDY1Nl5BMl5BanBnXkFtZTgwNTM3OTczOTE@._V1_UY209_CR3,0,140,209_AL_.jpg
","Ronit Roy was born on October 11, 1965 in Nagpur, Maharashtra, India as Ronit Bose Roy. He is an actor, known for Udaan (2010), Kaabil (2017) and Kasautii Zindagii Kay (2001). He has been married to Neelam Singh since December 25, 2003. They have two children."
29,Actor,Vinay Pathak,"Top Rated Movies:1)Khosla Ka Ghosla! (2006) 8.3/10
2)Johnny Gaddaar (2007) 7.9/10
3)Dasvidaniya (2008) 7.9/10
4)Water (2005) 7.8/10
5)Manorama Six Feet Under (2007) 7.8/10
6)Bheja Fry (2007) 7.7/10
7)Hum Dil De Chuke Sanam (1999) 7.6/10
8)Badlapur (2015) 7.5/10
9)Fire (1996) 7.3/10
10)Rab Ne Bana Di Jodi (2008) 7.2/10Next Movies:1)Toba Tek Singh (2018)
2)Dhuusar (Grey) (2018)","https://m.media-amazon.com/images/M/MV5BMTgxODI1NTI2MV5BMl5BanBnXkFtZTgwODgxODYyNjE@._V1_UY209_CR86,0,140,209_AL_.jpg
","Vinay Pathak was born on July 12, 1968 in Bhojpur District, Bihar, India. He is an actor and writer, known for Bheja Fry (2007), Rab Ne Bana Di Jodi (2008) and My Name Is Khan (2010)."
30,Actor,Kumud Mishra,"Top Rated Movies:1)Airlift (2016) 8.1/10
2)1971 (2007) 8/10
3)M.S. Dhoni: The Untold Story (2016) 7.8/10
4)Rockstar (2011) 7.6/10
5)Raanjhanaa (2013) 7.6/10
6)Badlapur (2015) 7.5/10
7)Jolly LLB 2 (2017) 7.3/10
8)Filmistaan (2012) 7.3/10
9)Sultan (2016) 7.1/10
10)Rustom (2016) 7.1/10Next Movies:1)One Day: Justice Delivered (2018)","https://m.media-amazon.com/images/M/MV5BNWY2YTdhY2QtMzMxMS00MjNhLTgxYmQtMjM2OGM4MjczNzBmXkEyXkFqcGdeQXVyMTExNDQ2MTI@._V1_UY209_CR16,0,140,209_AL_.jpg
","Kumud Mishra is an actor, known for Sultan (2016), Rockstar (2011) and Raanjhanaa (2013)."
31,Actor,Rajat Kapoor,"Top Rated Movies:1)Drishyam (2015) 8.3/10
2)Dil Chahta Hai (2001) 8.2/10
3)Ankhon Dekhi (2013) 8/10
4)Dasvidaniya (2008) 7.9/10
5)Kapoor & Sons (2016) 7.8/10
6)Bheja Fry (2007) 7.7/10
7)Jaane Tu... Ya Jaane Na (2008) 7.5/10
8)Phas Gaye Re Obama (2010) 7.5/10
9)Monsoon Wedding (2001) 7.4/10
10)Waiting (2015) 7.2/10","https://m.media-amazon.com/images/M/MV5BNDBlM2ZiZmEtYzYyMC00ZWNlLTkxMzQtOGFlMzgxZDg5NjdhXkEyXkFqcGdeQXVyMTExNDQ2MTI@._V1_UY209_CR12,0,140,209_AL_.jpg
","Rajat Kapoor was born on February 11, 1961 in New Delhi, India. He is an actor and director, known for Raghu Romeo (2003), Ankhon Dekhi (2013) and Bheja Fry (2007)."
32,Actor,Adil Hussain,"Top Rated Movies:1)Life of Pi (2012) 7.9/10
2)English Vinglish (2012) 7.9/10
3)Parched (2015) 7.6/10
4)Kaminey (2009) 7.4/10
5)Lootera (2013) 7.3/10
6)Ishqiya (2010) 7.3/10
7)Hotel Salvation (2016) 7.3/10Next Movies:1)Maati (2018)
2)2.0 (2019)
3)Love Sonia ???","https://m.media-amazon.com/images/M/MV5BN2Q2YzA4MDMtMzVkYy00ZTMwLTgzN2EtZTc4NTRiODhkNzM3XkEyXkFqcGdeQXVyMjA4ODEzMzE@._V1_UY209_CR17,0,140,209_AL_.jpg
","Adil Hussain is known for his critically acclaimed performances in award winning films such as Ang Lee's Oscar winning Life of Pi, Subhashish Bhutiani's Hotel Salvation/Mukti Bhavan, Iram Haq's What Will People Say, Danis Tanovic's Tigers, Mira Nair's The Reluctant Fundamentalist, Pan Nalin's Angry..."
33,Actor,Ranvir Shorey,"Top Rated Movies:1)Khosla Ka Ghosla! (2006) 8.3/10
2)Dasvidaniya (2008) 7.8/10
3)Bheja Fry (2007) 7.6/10
4)Titli (2014) 7.6/10
5)A Death in the Gunj (2016) 7.5/10
6)Sonchiriya (2019) 7.5/10
7)Manto (2018) 7.4/10
8)No Smoking (2007) 7.2/10
9)Mithya (2008) 7.1/10Next Movies:1)Angrezi Medium (2020)","https://m.media-amazon.com/images/M/MV5BMTIzOTE5MzMyMl5BMl5BanBnXkFtZTcwMjAyNzAyMg@@._V1_UY209_CR87,0,140,209_AL_.jpg
","Ranvir comes from a family of movie professionals. His father is Writer, Producer and Director KD Shorey and He has 2 older Brothers, Lokesh Shorey an actor and Shrinath Shorey a movie Writer and Director. Ranvir though born in Panjab, was raised and educated in Mumbai. He was very active in ..."
34,Actor,Ashutosh Rana,"Top Rated Movies:1)Zakhm (1998) 7.9/10
2)Haasil (2003) 7.6/10
3)Sonchiriya (2019) 7.5/10
4)Ghulam (1998) 7.3/10
5)Awarapan (2007) 7.2/10
6)Dushman (1998) 6.9/10
7)Sangharsh (1999) 6.8/10
8)Mulk (2018) 6.8/10Next Movies:1)Pagglait (2020)
2)Hungama 2 (2020)
3)Prithviraj (2020)
4)Shamshera (2020)","https://m.media-amazon.com/images/M/MV5BMjQ3OTdkY2MtN2NlMC00Y2U2LWE4ODMtOWZlYzRmMzUwN2ExXkEyXkFqcGdeQXVyNjc0MTQwOTc@._V1_UY209_CR116,0,140,209_AL_.jpg
","Ashutosh Rana born in Gadarwara, Madhya Pradesh is an Indian actor working in the Hindi Film and Telugu Film industry. He finished his Primary School education in Gadarwara and used to play the role of ravana in the city Ramleela. Later, he went to National School of Drama (New Delhi) for acting. ..."
35,Actor,Deepak Dobriyal,"Top Rated Movies:1)Omkara (2006) 8.1/10
2)Maqbool (2003) 8.1/10
3)Gulaal (2009) 8.1/10
4)1971 (2007) 7.9/10
5)Hindi Medium (2017) 7.8/10
6)Tanu Weds Manu Returns (2015) 7.6/10
7)The Blue Umbrella (2005) 7.6/10
8)Laal Kaptaan (2019) 7.4/10
9)Shaurya: It Takes Courage to Make Right... Right (2008) 7.3/10
10)13B: Fear Has a New Address (2009) 7.2/10Next Movies:1)English Medium","https://m.media-amazon.com/images/M/MV5BZDNkOTZiNWQtMzQwMy00MTgyLTlmZTMtYmE5OGFmNzJjOTUzXkEyXkFqcGdeQXVyMTExNDQ2MTI@._V1_UY209_CR10,0,140,209_AL_.jpg
","Deepak Dobriyal is an actor, known for Omkara (2006), Tanu Weds Manu Returns (2015) and Prem Ratan Dhan Payo (2015). He has been married to Lara Bhalla since 2009."
36,Actor,Arshad Warsi,"Top Rated Movies:1)Munna Bhai M.B.B.S. (2003) 8.2/10
2)Lage Raho Munna Bhai (2006) 8.1/10
3)Sehar (2005) 7.8/10
4)Jolly LLB (2013) 7.4/10
5)Golmaal: Fun Unlimited (2006) 7.4/10
6)Ishqiya (2010) 7.3/10
7)Dhamaal (2007) 7.2/10
8)Dedh Ishqiya (2014) 7.1/10Next Movies:1)Pagalpanti (2019)","https://m.media-amazon.com/images/M/MV5BNmMwOGYwMjUtN2M5My00ODIxLWI3ZjctODM2MGI4OGQzOWM0XkEyXkFqcGdeQXVyMTExNDQ2MTI@._V1_UY209_CR6,0,140,209_AL_.jpg
","Arshad Warsi was born in Mumbai, India, and did his schooling at a boarding school, Barnes School, Deolali in Nashik district, Maharashtra. He was orphaned at the age of 14 and struggled for a living in Mumbai during his early days.Financial circumstances forced Warsi to start work as a door-to-door..."
37,Actor,Randeep Hooda,"Top Rated Movies:1)Laal Rang (2016) 8/10
2)Highway (2014) 7.6/10
3)Monsoon Wedding (2001) 7.4/10
4)Once Upon a Time in Mumbaai (2010) 7.4/10
5)Sarbjit (2016) 7.2/10
6)Saheb Biwi Aur Gangster (2011) 7.2/10
7)Sultan (2016) 7.1/10
8)Rang Rasiya (2008) 7.1/10Next Movies:1)Love Aaj Kal 2 (2020)
2)21: Battle of Saragarhi ???
3)Shooter ???","https://m.media-amazon.com/images/M/MV5BMjk4NjkxNTkxMl5BMl5BanBnXkFtZTgwMzUwNDA3NDE@._V1_UY209_CR34,0,140,209_AL_.jpg
","Randeep Hooda was born in a small village called Daseya in the Rohtak district of Haryana. His mother, Asha Hooda, is a BJP politician and his father is a surgeon by profession. He did schooling from Delhi Public School before moving to Australia for higher studies. He is Bachelors in Marketing & ..."
38,Actor,Akshaye Khanna,"Top Rated Movies:1)Section 375 (2019) 8.5/10
2)Dil Chahta Hai (2001) 8.2/10
3)Border (1997) 7.9/10
4)Hungama (2003) 7.5/10
5)Gandhi, My Father (2007) 7.4/10
6)Mom (2017) 7.3/10
7)Ittefaq (2017) 7.2/10
8)Aakrosh (2010) 7/10Next Movies:1)Sab Kushal Mangal (2019)
2)The Vanishing Act ???","https://m.media-amazon.com/images/M/MV5BMjAxNDQyNDkxM15BMl5BanBnXkFtZTcwNTQyNTA0MQ@@._V1_UY209_CR87,0,140,209_AL_.jpg
","Akshaye Khanna was born in Mumbai in 1975. He is the middle son of Bollywood actor and politician Vinod Khanna, and the younger brother of actor Rahul Khanna.After studying in Kishore Namit Kapoor Acting Institute in Mumbai, Khanna made his acting debut in Bollywood in 1997 with the movie Himalay ..."
39,Actor,Emraan Hashmi,"Top Rated Movies:1)Once Upon a Time in Mumbaai (2010) 7.4/10
2)Shanghai (2012) 7.3/10
3)Awarapan (2007) 7.3/10
4)Gangster (2006)7.2/10Next Movies:1)Chehre (2020)
2)Mumbai Saga (2020)
3)Captain Nawab ???","https://m.media-amazon.com/images/M/MV5BMjA4Nzk3MDU0OV5BMl5BanBnXkFtZTgwMTEyMDU0OTE@._V1_UX140_CR0,0,140,209_AL_.jpg
","Emraan Hashmi was born 24 March 1979) is an Indian film actor who appears in Hindi languagefilms. Through his successful career, Hashmi has received three Filmfare Award nominations and has established himself as one of the most popular and highest-paid actor of Hindi cinema.Hashmi, member of the ..."
40,Actor,Farhan Akhtar,"Top Rated Movies:1)Bhaag Milkha Bhaag (2013) 8.2/10
2)Zindagi Na Milegi Dobara (2011) 8.1/10
3)Rock On!! (2008) 7.8/10
4)Wazir (2016) 7.2/10
5)Luck by Chance (2009) 7.1/10
6)Karthik Calling Karthik (2010) 7/10Next Movies:1)The Sky Is Pink (2019)
2)Boxer (2020)","https://m.media-amazon.com/images/M/MV5BMjA4MjYwNzAzM15BMl5BanBnXkFtZTcwMzUyMTUxNw@@._V1_UX140_CR0,0,140,209_AL_.jpg
","An accomplished and award-winning producer-director-writer-actor-singer, Farhan Akhtar is the ultimate Bollywood multi-hyphenate. Born in 1974 to prolific Indian film writer and poet, Javed Akhtar and writer-director, Honey Irani , Farhan was raised in an environment where creativity and ..."
41,Actor,Abhishek Bachchan,"Top Rated Movies:1)Guru (2007) 7.8/10
2)Sarkar (2005) 7.7/10
3)Yuva (2004) 7.4/10
4)Paa (2009) 7.2/10
5)Shootout at Lokhandwala (2007) 7.1/10Next Movies:1)Anurag Basu’s Next (2020)
2)The big bull (2020)","https://m.media-amazon.com/images/M/MV5BMTk1NjU1NjkxN15BMl5BanBnXkFtZTcwNDI4MDMzMg@@._V1_UY209_CR7,0,140,209_AL_.jpg
","Aquarian Abhishek Srivastav was born in February 5, 1976, son of Bollywood mega-stars, Jaya Bhaduri and Amitabh Bachchan, brother to Shweta, uncle to her two children (Navya Naveli & Agastye), and the grandson of Harivansh Rai Srivastav, Hindu and Urdu poet, who wrote under the pen-name of ..."
42,Actor,Saif Ali Khan,"Top Rated Movies:1)Dil Chahta Hai (2001) 8.1/10
2)Omkara (2006) 8.1/10
3)Kal Ho Naa Ho (2003) 8/10
4)Ek Hasina Thi (2004) 7.6/10
5)Rehnaa Hai Terre Dil Mein (2001) 7.5/10
6)Parineeta (2005) 7.2/10
7)Being Cyrus (2005) 7.2/10
8)Hum Tum (2004) 7/10Next Movies:1)Laal Kaptaan (2019)
2)Jawaani Jaaneman (2019)
3)Taanaji: The Unsung Warrior (2020)
4)Vikram Veda Remake ???","https://m.media-amazon.com/images/M/MV5BMTUyNjI2NTg3M15BMl5BanBnXkFtZTcwNDEzNDg3OA@@._V1_UX140_CR0,0,140,209_AL_.jpg
","Saif is the son of Bollywood actress, Sharmila Tagore, and Indian cricketer, Mansoor Ali Khan.Both his grandfather, Iftikhar Ali Khan Pataudi, and father were professional cricketers. His mother, Sharmila Tagore, an actress within her own rights. He has two sisters, Bollywood actress Soha Ali Khan,..."
43,Actor,John Abraham,"Top Rated Movies:1)Water (2005) 7.7/10
2)Madras Cafe (2013) 7.7/10
3)Parmanu: The Story of Pokhran (2018) 7.7/10
4)Batla House (2019) 7.5/10
5)Taxi No. 9 2 11: Nau Do Gyarah (2006) 7.2/10
6)No Smoking (2007) 7.2/10
7)Wazir (2016) 7.1/10
8)Viruddh... Family Comes First (2005) 7.1/10
9)Aashayein (2010) 7.1/10
Next Movies:1)Pagalpanti (2019)
2)Mumbai Saga (2020)
3)Attack (2020)
4)Satyameva Jayate 2 (2020)
5)1911 ???","https://m.media-amazon.com/images/M/MV5BMTY1MDUyMjI1N15BMl5BanBnXkFtZTYwMjg4MjA0._V1_UX140_CR0,0,140,209_AL_.jpg
","Born and brought up in Mumbai, India, John Abraham is one of the most successful male models in India. John grew up in a middle class family. His father Abraham John is a Syrian Christian (Nasrani or Saint Thomas Christian) from Aluva, Kerala, India and his mother Firoza Irani is a Zoroastrian ..."
44,Actor,Amrish Puri,"Top Rated Movies:1)Dilwale Dulhania Le Jayenge (1995) 8.2/10
2)Ardh Satya (1983) 8.2/10
3)Gandhi (1982) 8.1/10
4)Mr. India (1987) 7.8/10
5)Nayak: The Real Hero (2001) 7.8/10
6)Damini (1993) 7.8/10
7)Shakti (1982) 7.8/10
8)Ghayal (1990) 7.7/10
9)Indiana Jones and the Temple of Doom (1984) 7.6/10
10)Virasat (1997) 7.5/10","https://m.media-amazon.com/images/M/MV5BYWRlMTk2NWYtYjhjNy00NmRjLTg4NWMtMmM2YjJlN2YwNWE4XkEyXkFqcGdeQXVyMTExNDQ2MTI@._V1_UY209_CR8,0,140,209_AL_.jpg
","Believe it or not, Amrish Puri wanted to become a Bollywood movie hero but failed a screen test in 1954. And what a failure it was! Mr. Puri went on to become one of the most renowned and credible villains in the history of Indian cinema. His most memorable and often quoted role is the character of..."
45,Actor,Danny Denzongpa,"Top Rated Movies:1)Baby (2015) 8/10
2)Agneepath (1990) 7.7/10
3)Ghatak: Lethal (1996) 7.4/10
4)Krantiveer (1994) 7.4/10
5)1942: A Love Story (1994) 7.2/10
6)Seven Years in Tibet (1997) 7.1/10
7)Enthiran (2010) 7.1/10Next Movies:???","https://m.media-amazon.com/images/M/MV5BMzI4Njg3OTcyNF5BMl5BanBnXkFtZTcwNzQzMTYxOA@@._V1_UY209_CR11,0,140,209_AL_.jpg
","Danny, who married Gawa Denzongpa, a Sikkimese princess and niece of the last chogyal from her hometown of Gangtok, currently resides in Juhu in Mumbai. He likes to listen to Nepali folk music especially Nepali flutes. In recent times he has become more selective as to the roles he plays. He does ..."
46,Actor,Anil Kapoor,"Top Rated Movies:1)Slumdog Millionaire (2008) 8/10
2)Parinda (1989) 7.9/10
3)Mr. India (1987) 7.8/10
4)Nayak: The Real Hero (2001) 7.8/10
5)Chameli Ki Shaadi (1986) 7.6/10
6)Woh 7 Din (1983) 7.6/10
7)Virasat (1997) 7.5/10
8)Mission: Impossible - Ghost Protocol (2011) 7.4/10
9)Lamhe (1991) 7.4/10
10)Karma (1986) 7.4/10Next Movies:1)Pagalpanti (2019)
2)Malang (2020)
3)Takht (2021)
4)Abhinav Bindra Biopic ???","https://m.media-amazon.com/images/M/MV5BMjUyMWE5MjUtMDlkMC00ODc0LThkOTgtNjZhNDgyMTU5ZDhlXkEyXkFqcGdeQXVyMTExNDQ2MTI@._V1_UX140_CR0,0,140,209_AL_.jpg
","Living in a Chawl in Tilak Nagar, Punjabi-speaking Anil was born in 1959 to Surinder and Nirmal aka Suchitra Kapoor. He has an elder brother, Boney, a sister, Reena, and a younger brother, Sanjay. His dad used to be Shammi Kapoor's Secretary.A loner, without many friends, he studied in the nearby ..."
47,Actor,Rishi Kapoor,"Top Rated Movies:1)Kapoor & Sons (2016) 7.8/10
2)Damini (1993) 7.8/10
3)Do Dooni Chaar (2010) 7.6/10
4)Karz (1980) 7.6/10
5)Amar Akbar Anthony (1977) 7.5/10
6)Kabhie Kabhie (1976) 7.5/10
7)102 Not Out (2018) 7.5/10
8)Namastey London (2007) 7.3/10
9)Fanaa (2006) 7.2/10
10)D-Day (2013) 7.2/10
11)Naseeb (1981) 7.2/10Next Movies:1)Jhootha Kahin Ka (2018)","https://m.media-amazon.com/images/M/MV5BMjJmNjM1YmUtNTA2Zi00Y2U0LTgyZTItMjQ5MTE4NWJhMDgyXkEyXkFqcGdeQXVyMTExNDQ2MTI@._V1_UY209_CR10,0,140,209_AL_.jpg
","Born in south Mumbai, Kapoor is the second son of film director and actor Raj Kapoor. He did his schooling with his brothers at Campion School,Mumbai. His brothers are well-known actors, Randhir Kapoor and Rajiv Kapoor.Rishi Kapoor debuted in his father's 1970 film Mera Naam Joker, playing his ..."
48,Actor,Sanjay Dutt,"Top Rated Movies:1)PK (2014) 8.2/10
2)Munna Bhai M.B.B.S. (2003) 8.2/10
3)Lage Raho Munna Bhai (2006) 8.1/10
4)Vaastav: The Reality (1999) 8/10
5)Parineeta (2005) 7.3/10
6)Saajan (1991) 7.3/10
7)Khal Nayak (1993) 7.3/10
8)Dhamaal (2007) 7.2/10
9)Shootout at Lokhandwala (2007) 7.1/10
10)Viruddh... Family Comes First (2005) 7.1/10
11)Sadak (1991) 7.1/10Next Movies:1)Panipat (2019)
2)Shamshera (2020) or (2021)
3)Sadak 2 (2020)
4)K.G.F: Chapter 2 (2020) or (2021)
5)Bhuj: The Pride of India (2020)
6)Prithviraj (2020) 
7)Torbaaz ???","https://m.media-amazon.com/images/M/MV5BNzU2NTgwNzY1OF5BMl5BanBnXkFtZTcwMjQxNzcxOA@@._V1_UY209_CR87,0,140,209_AL_.jpg
","Sanjay Dutt, son of Nargis and Sunil Dutt, was first featured in Rocky (1981), the movie was a box office hit.Sanjay's personal life was exacerbated by drug problems, and he later lost his wife Richa Sharma, to cancer. He was also arrested for having illegal weapons, and was imprisoned. After his ..."
49,Actor,Salman Khan,"Top Rated Movies:1)Andaz Apna Apna (1994) 8.2/10
2)Bajrangi Bhaijaan (2015) 8/10
3)Kuch Kuch Hota Hai (1998) 7.7/10
4)Hum Aapke Hain Koun...! (1994) 7.5/10
5)Hum Dil De Chuke Sanam (1999) 7.5/10
6)Khamoshi: The Musical (1996) 7.5/10
7)Baghban (2003) 7.4/10
8)Maine Pyar Kiya (1989) 7.3/10
9)Saajan (1991) 7.2/10
10)Sultan (2016) 7.1/10
11)Tere Naam (2003) 7.1/10Next Movies:1)Dabangg 3 (2019)
2)Kick 2 (2020) OR (2021)","https://m.media-amazon.com/images/M/MV5BMjMwNTIxODg0OF5BMl5BanBnXkFtZTgwODg2NzM0OTE@._V1_UY209_CR7,0,140,209_AL_.jpg
","Born on December 27, 1965 Salman Khan is the son of the legendary writer Salim Khan, who penned many super-hits in the yesteryear's like Sholay (1975), Deewaar (1975), and Don (1978). Salman started his acting carrier in 1988 by doing a supporting role in the movie Biwi Ho To Aisi (1988). The ..."
50,Actor,Sunil Shetty,"Top Rated Movies:1)Hera Pheri (2000) 8.2/10
2)Border (1997) 7.9/10
3)Shootout at Lokhandwala (2007) 7.1/10
4)Main Hoon Na (2004) 7/10
5)Mohra (1994) 6.9/10
6)Hulchul (2004) 6.9/10
7)Chup Chup Ke (2006) 6.7/10
8)Phir Hera Pheri (2006) 6.7/10
9)Kaante (2002) 6.6/10
10)Dhadkan (2000) 6.5/10Next Movies:1)Mumbai Saga (2020)
2)Marakkar: Lion of the Arabian Sea (2020)","https://m.media-amazon.com/images/M/MV5BODUwMzUyNTUxMl5BMl5BanBnXkFtZTcwNDM2ODIyOA@@._V1_UY209_CR3,0,140,209_AL_.jpg
","Sunil Shetty made his debut in 1992 with Balwaan (1992), which was not a major hit. Yet his great acting skills got noticed. For two years success eluded him until action thriller Mohra (1994) came along in 1994. Then followed his success streak with a comical film Gopi Kishan (1994) in which he ..."
51,Actor,Jackie Shroff,"Top Rated Movies:1)Border (1997) 7.9/10
2)Parinda (1989) 7.9/10
3)3 Deewarein (2003) 7.9/10
4)Devdas (2002) 7.6/10
5)Rangeela (1995) 7.5/10
6)Karma (1986) 7.4/10
7)Khal Nayak (1993) 7.2/10
8)1942: A Love Story (1994) 7.2/10
9)Ram Lakhan (1989) 6.8/10
10)Mission Kashmir (2000) 6.7/10Next Movies:1)Sooryavanshi (2020)
2)Radhe (2020)","https://m.media-amazon.com/images/M/MV5BYzczOGViODMtMWY1Yi00ZTAwLTkzZjItYzlmMzU0NmM5YjBmXkEyXkFqcGdeQXVyMjYwMDk5NjE@._V1_UY209_CR16,0,140,209_AL_.jpg
","Jaikishen was born in the Gujarati-speaking Shroff family on February 1, 1957. His dad's name is Kakubhai, his brother's is Hemant, and they live in Bandra, Bombay in a bungalow named 'Le Pepeyon"".A vegetarian, Jaikishen made his Bollywood debut in a bit-role as a villain in the hit Heera Panna (..."
52,Actor,Govinda,"Top Rated Movies:1)Sanju (2018) 7.9/10
2)Neerja (2016) 7.7/10
3)A Death in the Gunj (2016) 7.5/10
4)Padmaavat (2018) 7/10Next Movies:1)Taish (2020)
2)Beneath a Sea of Lights ???","https://m.media-amazon.com/images/M/MV5BNzEwNDgwMTk3Nl5BMl5BanBnXkFtZTgwNjMwOTU4MDI@._V1_UY209_CR14,0,140,209_AL_.jpg
","Govinda was born on December 21, 1963. Govinda has acted in over 120 films since his debut in 1986. Govinda is best-known for his comedy related roles; his powerful contribution in dancing in bollywood is inevitable. He is one of the most successful actors and is definitely the best dancer in ..."
53,Actor,Mithun Chakraborty,"Top Rated Movies:1)Gangs of Wasseypur (2012) 8.2/10
2)The Brawler (2017) 8.1/10
3)Ugly (2013) 8.1/10
4)Gold (2018) 7.4/10Next Movies:1)Saand Ki Aankh (2019)
2)Aadhaar (2019)","https://m.media-amazon.com/images/M/MV5BMjQwNDUxMzY4Ml5BMl5BanBnXkFtZTgwMTgxMTIzOTE@._V1_UY209_CR6,0,140,209_AL_.jpg
","Mithun Chakraborty was born on June 16, 1947 in Barisal, Bengal Presidency, British India as Gouranga Chakraborti. He is an actor, known for OMG: Oh My God! (2012), Vivekananda (1994) and Guru (2007). He has been married to Yogeeta Bali since July 1982. They have four children. He was previously ..."
54,Actor,Dharmendra,"Top Rated Movies:1)A Wednesday (2008) 8.2/10
2)Munna Bhai M.B.B.S. (2003) 8.2/10
3)Lage Raho Munna Bhai (2006) 8.1/10
4)Mukkabaaz (2017) 8.1/10
5)My Name Is Khan (2010) 8/10
6)Special Chabbis (2013) 8/10
7)Tanu Weds Manu Returns (2015) 7.7/10
8)Haasil (2003) 7.6/10
9)Madaari (2016) 7.5/10
10)Yahaan (2005) 7.4/10Next Movies:1)Tom Dick and Harry Returns (2018)","https://m.media-amazon.com/images/M/MV5BMTk0ODU5NjAzMl5BMl5BanBnXkFtZTcwNDYyOTM5NA@@._V1_UY209_CR87,0,140,209_AL_.jpg
",Dharmendra is one of the biggest stars of Indian cinema. Dharmendra Deol played the romantic hero in woman centric films from 1960-1968 and became romantic hero from 1968-69 and played the role of action hero from 1971-1997. Dharmendra has appeared in 306 films.He is known as 'Garam' Dharam in ...
55,Actor,Jim Sarbh,"Top Rated Movies:1)Shahid (2012) 8.3/10
2)Article 15 (2019) 8.2/10
3)Tanu Weds Manu Returns (2015) 7.7/10
4)Raanjhanaa (2013) 7.6/10
5)No One Killed Jessica (2011) 7.2/10
Next Movies:1)'83 (2020) (2020)
2)Turram Khan (2020)
3)SherShaah (2020)","https://m.media-amazon.com/images/M/MV5BNzczYmZiYTctYWRkYi00YTgzLWJhMWMtZGUxYTRkYWUzZWQzL2ltYWdlXkEyXkFqcGdeQXVyMTExNDQ2MTI@._V1_UY209_CR11,0,140,209_AL_.jpg
","Jim Sarbh is an Indian film actor and stage actor-director best known for his fearless and unconventional character choices and serious acting chops.Born 27 August 1987 in Mumbai, to a Parsi family, his mother is a retired physiotherapist, and his father is a former master mariner, and the Regional..."
56,Actor,Viineet Kumar,"Top Rated Movies:1)Anbe Sivam (2003) 8.8/10
2)Vikram Vedha (2017) 8.7/10
3)3 Idiots (2009) 8.4/10
4)Kannathil Muthamittal (2002) 8.4/10
5)Alai Payuthey (2000) 8.3/10
6)Rang De Basanti (2006) 8.2/10
7)Three Dots (2004) 7.8/10
8)Tanu Weds Manu Returns (2015) 7.7/10
9)Guru (2007) 7.7/10
10)Mumbai Meri Jaan (2008) 7.7/10Next Movies:1)Silence ???","https://m.media-amazon.com/images/M/MV5BMmY4MDEyYzMtNjI3NS00ZWMyLWE2ZjQtNmM1YWE1NDQ2NDNmXkEyXkFqcGdeQXVyMTEzNjA2NzM@._V1_UX140_CR0,0,140,209_AL_.jpg
","Viineet Kumar is an actor and writer, known for Mukkabaaz (2017), Gangs of Wasseypur (2012) and Bard of Blood (2019)."
57,Actor,Jimmy Sheirgill,"Top Rated Movies:1)3 Idiots (2009) 8.4/10
2)Rang De Basanti (2006) 8.2/10
3)Golmaal: Fun Unlimited (2006) 7.4/10
4)Life in a Metro (2007) 7.4/10Next Movies:1)Fauji calling ???
2)Tom, Dick and Harry 2 ???","https://m.media-amazon.com/images/M/MV5BMjM2MTc1NTk5OF5BMl5BanBnXkFtZTgwOTI4NDczMDE@._V1_UY209_CR86,0,140,209_AL_.jpg
","Shergill was born in a Sikh family in Gorakhpur, Uttar Pradesh. He moved to Punjab, the place of his ancestors, in 1985 where he studied in Yadavindra Public School, Patiala and Bikram College Patiala. He learnt acting from Sri Harpal Singh, and then moved to Mumbai to work in the entertainment ..."
58,Actor,Mohammed Zeeshan Ayyub,"Top Rated Movies:1)Iqbal (2005) 8.1/10
2)Dor (2006) 8/10
3)Dil Dosti Etc (2007) 7/10Next Movies:1)Pratichhaya ???
2)Golmaal 5 ???","https://m.media-amazon.com/images/M/MV5BODcyY2JlZTktYTU4ZS00MGY1LTgyY2MtODA4NWUyZDBlNjc5L2ltYWdlXkEyXkFqcGdeQXVyMTExNDQ2MTI@._V1_UY209_CR8,0,140,209_AL_.jpg
","Mohammed Zeeshan Ayyub is an actor, known for Raanjhanaa (2013), Raees (2017) and Article 15 (2019)."
59,Actor,Madhavan,"Top Rated Movies:
 
1)Zindagi Na Milegi Dobara (2011) 8.1/10
2)Dev.D (2009) 8/10
3)Oye Lucky! Lucky Oye! (2008) 7.7/10
4)Manorama Six Feet Under (2007) 7.7/10
5)Raanjhanaa (2013) 7.6/10
6)Socha Na Tha (2005) 7.5/10
7)Ek Chalis Ki Last Local (2007) 7.3/10
8)Shanghai (2012) 7.2/10
9)Ahista Ahista (2006) 7/10Next Movies:1)Line of Descent (2019)
2)Jungle Cry ???","https://m.media-amazon.com/images/M/MV5BZjQ4NWIwYzYtOTYwZC00ZDI4LWFmYWEtZjhmNTE3ODVhYzJkXkEyXkFqcGdeQXVyOTc1MzM5MA@@._V1_UY209_CR8,0,140,209_AL_.jpg
","Madhavan was born on June 1, 1970, in a Tamil-speaking family.At the age of 18 his college entrusted him with the responsibility of representing India as a Cultural Ambassador to Canada.A year later he and three others from his college were sent to Britain as army cadets and received training in ..."
60,Actor,Sharman Joshi,"Top Rated Movies:1)Kaththi (2014) 7.9/10
2)Johnny Gaddaar (2007) 7.8/10
3)Wazir (2016) 7.1/10
4)New York (2009) 6.8/10
Next Movies:1)Bypass Road (2019)
2)Firrkie ???","https://m.media-amazon.com/images/M/MV5BYWE5MWNkYWQtZTZjZS00N2U0LTgzNzMtNzZkMzJmMWYzZWNkXkEyXkFqcGdeQXVyMTExNDQ2MTI@._V1_UY209_CR3,0,140,209_AL_.jpg
","Sharman Joshi was born on April 28, 1979 in Bombay, Maharashtra, India. He is an actor, known for 3 Idiots (2009), Rang De Basanti (2006) and Golmaal: Fun Unlimited (2006). He has been married to Prerna Chopra since 2000. They have three children."
61,Actor,Shreyas Talpade,"Top Rated Movies:1)Rang De Basanti (2006) 8.2/10
2)Raag Desh (2017) 8/10
3)Dear Zindagi (2016) 7.6/10
4)Gold 7.4/10
5)Don 2 (2011) 7/10Next Movies:1)Don 3 ???","https://m.media-amazon.com/images/M/MV5BMjZhOTQzNTEtNGY4NS00ZmQxLThkMDEtM2M4NDVjMjc0MWNlXkEyXkFqcGdeQXVyMTExNDQ2MTI@._V1_UY209_CR12,0,140,209_AL_.jpg
","Shreyas Talpade was born on January 27, 1976 in Bombay, Maharashtra, India. He is an actor and director, known for Om Shanti Om (2007), Iqbal (2005) and Dor (2006)."
62,Actor,Abhay Deol,"Top Rated Movies:1)Super 30 (2019) 8.3/10
2)Raag Desh (2017) 8/10 
3)Kai po che! (2013) 7.6/10
4)Gold (2018) 7.4/10
5)Sultan (2016) 7.1/10Next Movies:1)Geher (2019)
2)Taish (2020)
3)Prithviraj (2020)
4)Yaara ???","https://m.media-amazon.com/images/M/MV5BMTU2NzkzODA3OV5BMl5BanBnXkFtZTcwMzk2MDMyOA@@._V1_UX140_CR0,0,140,209_AL_.jpg
","Abhay Deol (born in 1976, India) is an Indian film actor. He is the nephew of famous veteran actor Dharmendra and cousin of actors Sunny Deol and Bobby Deol and actress Esha Deol. After graduating from Mumbai University, Abhay headed to Los Angeles and studied Fine Arts. After completing a two year..."
63,Actor,Neil Nitin Mukesh,"Top Rated Movies:1)October (2018) 7.5/10
2)Badlapur (2015) 7.4/10
3)Sui Dhaaga: Made in India (2018) 6.8/10Next Movies:1)Street Dancer 3D (2020)
2)Coolie No. (2020)
3)Rannbhoomi ???","https://m.media-amazon.com/images/M/MV5BZTlhZjVlNzMtMzlhOC00ZWJlLTg1NzItZTU5NDNmNzFhZWU0XkEyXkFqcGdeQXVyMjkxNzQ1NDI@._V1_UY209_CR0,0,140,209_AL_.jpg
","He had a normal childhood, like most other children. He graduated from HR College, with a B.Com degree. At his father's insistence, he has been very focused on his career since he was in the 12th standard. He did a 4-month workshop with Kishore Namit Kapoor and also at Anupam Kher's institute, ..."
64,Actor,Kunal Kapoor,"Top Rated Movies:1)Dangal (2016) 8.4/10
2)Stree (2018) 7.7/10
3)Luka Chuppi (2019) 6.3/10
4)Badrinath Ki Dulhania (2017) 6.2/10Next Movies:1)Pati Patni Aur Woh (2019)
2)Street Dancer 3D (2020)
3)Coolie No. 1 (2020)
4)The Great Man (2020)","https://m.media-amazon.com/images/M/MV5BODU5N2FmZGUtN2E0NS00NjY0LWE1ZTQtMDlkMmM3OGYyY2Y5XkEyXkFqcGdeQXVyMTExNDQ2MTI@._V1_UY209_CR6,0,140,209_AL_.jpg
","Kunal Kapoor was born on October 18, 1975 in New Delhi, India. He is an actor and assistant director, known for Rang De Basanti (2006), Don 2 (2011) and Dear Zindagi (2016)."
65,Actor,Amit Sadh,"Top Rated Movies:1)Chhichhore (2019) 8.4/10
2)Fukrey (2013) 6.9/10
3)Fukrey Returns (2017) 6.5/10Next Movies:1)Street Dancer 3D (2020)
2)RoohiAfza (2020)","https://m.media-amazon.com/images/M/MV5BOTY0MTIwMTg4OV5BMl5BanBnXkFtZTgwODE4ODg2NDM@._V1_UY209_CR18,0,140,209_AL_.jpg
","Amit Sadh, born on 5th June, 1983, is a well-known Indian actor. He started his acting career on television, acting both, fiction and non-fiction genres. He soon realized his love for films and potential to make a mark in the Indian Film industry. To master his craft, he joined The Lee Strasberg ..."
66,Actor,Varun Dhawan,"Top Rated Movies:1)Border (1997) 7.9/10
2)Darr (1993) 7.8/10
3)Damini (1993) 7.8/10
4)Ghayal (1990) 7.6/10
5)Ghatak: Lethal (1996) 7.4/10
6)Gadar: Ek Prem Katha (2001) 7.2/10Next Movies:1)Fateh singh  ???","https://m.media-amazon.com/images/M/MV5BMjM0NTM3ODY4Ml5BMl5BanBnXkFtZTgwNTA4MDM0OTE@._V1_UY209_CR2,0,140,209_AL_.jpg
","Varun Dhawan was born on April 24, 1987 in Mumbai, Maharashtra, India. He is an actor and assistant director, known for Badlapur (2015), October (2018) and Humpty Sharma Ki Dulhania (2014)."
67,Actor,Aparshakti Khurana,,"https://m.media-amazon.com/images/M/MV5BNDMwOGY1MjktM2RkYy00YTViLWFhODMtYzMyOGNlNmM0ODMyL2ltYWdlL2ltYWdlXkEyXkFqcGdeQXVyNDUzOTQ5MjY@._V1_UY209_CR7,0,140,209_AL_.jpg
","Aparshakti Khurana is an actor, known for Dangal (2016), Stree (2018) and Luka Chuppi (2019). He has been married to Akriti Khurana since 2014."
